{"cameraMode":{"drawMode":0,"name":"Shaded","section":"Shading Mode"},"sceneLighting":true,"audioPlay":false,"sceneViewState":{"showFog":true,"showMaterialUpdate":true,"showSkybox":true,"showFlares":true,"showImageEffects":true,"showParticleSystems":true},"in2DMode":false,"pivot":{"x":-18.525394439697267,"y":8.404759407043457,"z":-7.41197395324707},"rotation":{"x":0.013499220833182335,"y":0.007499197032302618,"z":-0.00010128208668902516,"w":0.9998812675476074},"size":6.884331703186035,"orthographic":false}